reaction,quarter,prr,meets_signal_criteria,insufficient_data,signal_threshold
IMPAIRED GASTRIC EMPTYING,2022Q1,18.96561505219541,1,0,2.0
IMPAIRED GASTRIC EMPTYING,2022Q2,11.19308589997752,1,0,2.0
IMPAIRED GASTRIC EMPTYING,2022Q3,10.791945592112873,1,0,2.0
IMPAIRED GASTRIC EMPTYING,2022Q4,,0,1,2.0
IMPAIRED GASTRIC EMPTYING,2023Q1,12.166707316310513,1,0,2.0
IMPAIRED GASTRIC EMPTYING,2023Q2,15.551378825061935,1,0,2.0
IMPAIRED GASTRIC EMPTYING,2023Q3,27.47830706104506,1,0,2.0
IMPAIRED GASTRIC EMPTYING,2023Q4,32.04617385474138,1,0,2.0
IMPAIRED GASTRIC EMPTYING,2024Q1,41.08422649140546,1,0,2.0
IMPAIRED GASTRIC EMPTYING,2024Q2,20.65737854007805,1,0,2.0
IMPAIRED GASTRIC EMPTYING,2024Q3,72.88204558813925,1,0,2.0
IMPAIRED GASTRIC EMPTYING,2024Q4,97.54209552710341,1,0,2.0
IMPAIRED GASTRIC EMPTYING,2025Q1,145.45314145314143,1,0,2.0
IMPAIRED GASTRIC EMPTYING,2025Q2,59.858128515471925,1,0,2.0
IMPAIRED GASTRIC EMPTYING,2025Q3,72.89374689675506,1,0,2.0
IMPAIRED GASTRIC EMPTYING,2025Q4,54.570668720366534,1,0,2.0
NAUSEA,2022Q1,6.741817058231168,1,0,2.0
NAUSEA,2022Q2,3.2034385650446198,1,0,2.0
NAUSEA,2022Q3,4.832530330295467,1,0,2.0
NAUSEA,2022Q4,2.8102675377879116,1,0,2.0
NAUSEA,2023Q1,5.238581486178163,1,0,2.0
NAUSEA,2023Q2,3.8413757696250537,1,0,2.0
NAUSEA,2023Q3,5.260352698614738,1,0,2.0
NAUSEA,2023Q4,3.7878180768595433,1,0,2.0
NAUSEA,2024Q1,4.107133911591006,1,0,2.0
NAUSEA,2024Q2,3.0437840537117986,1,0,2.0
NAUSEA,2024Q3,5.110385696536377,1,0,2.0
NAUSEA,2024Q4,3.9893305828657217,1,0,2.0
NAUSEA,2025Q1,3.933335502871927,1,0,2.0
NAUSEA,2025Q2,3.524460134128084,1,0,2.0
NAUSEA,2025Q3,4.736247241138586,1,0,2.0
NAUSEA,2025Q4,3.3834504569655115,1,0,2.0
OPTIC ISCHAEMIC NEUROPATHY,2022Q1,,0,1,2.0
OPTIC ISCHAEMIC NEUROPATHY,2022Q2,,0,1,2.0
OPTIC ISCHAEMIC NEUROPATHY,2022Q3,,0,1,2.0
OPTIC ISCHAEMIC NEUROPATHY,2022Q4,,0,1,2.0
OPTIC ISCHAEMIC NEUROPATHY,2023Q1,,0,1,2.0
OPTIC ISCHAEMIC NEUROPATHY,2023Q2,,0,1,2.0
OPTIC ISCHAEMIC NEUROPATHY,2023Q3,,0,1,2.0
OPTIC ISCHAEMIC NEUROPATHY,2023Q4,,0,1,2.0
OPTIC ISCHAEMIC NEUROPATHY,2024Q1,,0,1,2.0
OPTIC ISCHAEMIC NEUROPATHY,2024Q2,20.91399193809144,1,0,2.0
OPTIC ISCHAEMIC NEUROPATHY,2024Q3,28.479595395884203,1,0,2.0
OPTIC ISCHAEMIC NEUROPATHY,2024Q4,85.40436217008798,1,0,2.0
OPTIC ISCHAEMIC NEUROPATHY,2025Q1,113.13022113022113,1,0,2.0
OPTIC ISCHAEMIC NEUROPATHY,2025Q2,81.67632688993938,1,0,2.0
OPTIC ISCHAEMIC NEUROPATHY,2025Q3,29.366234975452855,1,0,2.0
OPTIC ISCHAEMIC NEUROPATHY,2025Q4,134.73642984940057,1,0,2.0
PANCREATITIS,2022Q1,9.843451212772562,1,0,2.0
PANCREATITIS,2022Q2,6.339943391967216,1,0,2.0
PANCREATITIS,2022Q3,9.240603413246648,1,0,2.0
PANCREATITIS,2022Q4,5.949471245247148,1,0,2.0
PANCREATITIS,2023Q1,6.765613192786536,1,0,2.0
PANCREATITIS,2023Q2,4.6434759657904365,1,0,2.0
PANCREATITIS,2023Q3,7.510090978740518,1,0,2.0
PANCREATITIS,2023Q4,5.12064671222607,1,0,2.0
PANCREATITIS,2024Q1,8.014516559477673,1,0,2.0
PANCREATITIS,2024Q2,5.375403419592469,1,0,2.0
PANCREATITIS,2024Q3,5.204035398093355,1,0,2.0
PANCREATITIS,2024Q4,2.674833328674456,1,0,2.0
PANCREATITIS,2025Q1,4.541355888367486,1,0,2.0
PANCREATITIS,2025Q2,2.7500099974292325,1,0,2.0
PANCREATITIS,2025Q3,3.5849733529223116,1,0,2.0
PANCREATITIS,2025Q4,2.1749990306422786,1,0,2.0
SUICIDAL IDEATION,2022Q1,,0,1,2.0
SUICIDAL IDEATION,2022Q2,1.5969933165371963,0,0,2.0
SUICIDAL IDEATION,2022Q3,1.073597077057702,0,0,2.0
SUICIDAL IDEATION,2022Q4,4.959879835717062,1,0,2.0
SUICIDAL IDEATION,2023Q1,1.4295771801773403,0,0,2.0
SUICIDAL IDEATION,2023Q2,5.099830098265615,1,0,2.0
SUICIDAL IDEATION,2023Q3,3.995147216068997,1,0,2.0
SUICIDAL IDEATION,2023Q4,9.712203585132618,1,0,2.0
SUICIDAL IDEATION,2024Q1,2.8823703788619004,1,0,2.0
SUICIDAL IDEATION,2024Q2,5.696676602432186,1,0,2.0
SUICIDAL IDEATION,2024Q3,2.292022232203009,1,0,2.0
SUICIDAL IDEATION,2024Q4,4.306724743306382,1,0,2.0
SUICIDAL IDEATION,2025Q1,2.8652261887556008,1,0,2.0
SUICIDAL IDEATION,2025Q2,2.314901433646792,1,0,2.0
SUICIDAL IDEATION,2025Q3,0.5317951558108637,0,0,2.0
SUICIDAL IDEATION,2025Q4,1.2495235215160367,0,0,2.0
