drug,reaction,quarter,a_count,drug_total,reaction_total,all_total,source,fetched_at
semaglutide,NAUSEA,2022Q1,362,1939,11101,389741,openfda_live,2026-08-11T07:40:04.008087
semaglutide,PANCREATITIS,2022Q1,44,1939,938,389741,openfda_live,2026-08-11T07:40:08.365702
semaglutide,IMPAIRED GASTRIC EMPTYING,2022Q1,11,1939,127,389741,openfda_live,2026-08-11T07:40:10.233964
semaglutide,SUICIDAL IDEATION,2022Q1,0,1939,1098,389741,openfda_live,2026-08-11T07:40:11.782226
semaglutide,OPTIC ISCHAEMIC NEUROPATHY,2022Q1,0,1939,24,389741,openfda_live,2026-08-11T07:40:13.330942
semaglutide,NAUSEA,2022Q2,95,866,12598,365977,openfda_live,2026-08-11T07:40:19.571993
semaglutide,PANCREATITIS,2022Q2,14,866,945,365977,openfda_live,2026-08-11T07:40:21.110109
semaglutide,IMPAIRED GASTRIC EMPTYING,2022Q2,3,866,116,365977,openfda_live,2026-08-11T07:40:22.579836
semaglutide,SUICIDAL IDEATION,2022Q2,4,866,1060,365977,openfda_live,2026-08-11T07:40:24.052204
semaglutide,OPTIC ISCHAEMIC NEUROPATHY,2022Q2,0,866,27,365977,openfda_live,2026-08-11T07:40:25.770079
semaglutide,NAUSEA,2022Q3,375,2461,11848,366319,openfda_live,2026-08-11T07:40:31.985161
semaglutide,PANCREATITIS,2022Q3,57,2461,969,366319,openfda_live,2026-08-11T07:40:33.506145
semaglutide,IMPAIRED GASTRIC EMPTYING,2022Q3,10,2461,147,366319,openfda_live,2026-08-11T07:40:34.950987
semaglutide,SUICIDAL IDEATION,2022Q3,7,2461,971,366319,openfda_live,2026-08-11T07:40:36.419523
semaglutide,OPTIC ISCHAEMIC NEUROPATHY,2022Q3,0,2461,20,366319,openfda_live,2026-08-11T07:40:37.976921
semaglutide,NAUSEA,2022Q4,112,1052,15287,401618,openfda_live,2026-08-11T07:40:44.132691
semaglutide,PANCREATITIS,2022Q4,15,1052,975,401618,openfda_live,2026-08-11T07:40:45.668340
semaglutide,IMPAIRED GASTRIC EMPTYING,2022Q4,0,1052,108,401618,openfda_live,2026-08-11T07:40:47.994469
semaglutide,SUICIDAL IDEATION,2022Q4,13,1052,1011,401618,openfda_live,2026-08-11T07:40:49.525671
semaglutide,OPTIC ISCHAEMIC NEUROPATHY,2022Q4,0,1052,79,401618,openfda_live,2026-08-11T07:40:50.997806
semaglutide,NAUSEA,2023Q1,498,2934,11959,356660,openfda_live,2026-08-11T07:40:57.031196
semaglutide,PANCREATITIS,2023Q1,61,2934,1148,356660,openfda_live,2026-08-11T07:40:58.490472
semaglutide,IMPAIRED GASTRIC EMPTYING,2023Q1,11,2934,120,356660,openfda_live,2026-08-11T07:41:00.162747
semaglutide,SUICIDAL IDEATION,2023Q1,12,2934,1024,356660,openfda_live,2026-08-11T07:41:01.617497
semaglutide,OPTIC ISCHAEMIC NEUROPATHY,2023Q1,0,2934,36,356660,openfda_live,2026-08-11T07:41:03.341563
semaglutide,NAUSEA,2023Q2,179,1354,11683,335627,openfda_live,2026-08-11T07:41:09.462096
semaglutide,PANCREATITIS,2023Q2,18,1354,975,335627,openfda_live,2026-08-11T07:41:10.940920
semaglutide,IMPAIRED GASTRIC EMPTYING,2023Q2,8,1354,135,335627,openfda_live,2026-08-11T07:41:12.449126
semaglutide,SUICIDAL IDEATION,2023Q2,22,1354,1087,335627,openfda_live,2026-08-11T07:41:14.018962
semaglutide,OPTIC ISCHAEMIC NEUROPATHY,2023Q2,0,1354,17,335627,openfda_live,2026-08-11T07:41:15.539555
semaglutide,NAUSEA,2023Q3,614,3649,11504,344095,openfda_live,2026-08-11T07:41:21.682170
semaglutide,PANCREATITIS,2023Q3,78,3649,1047,344095,openfda_live,2026-08-11T07:41:23.232025
semaglutide,IMPAIRED GASTRIC EMPTYING,2023Q3,43,3649,189,344095,openfda_live,2026-08-11T07:41:24.794522
semaglutide,SUICIDAL IDEATION,2023Q3,51,3649,1242,344095,openfda_live,2026-08-11T07:41:26.334178
semaglutide,OPTIC ISCHAEMIC NEUROPATHY,2023Q3,0,3649,23,344095,openfda_live,2026-08-11T07:41:27.880359
semaglutide,NAUSEA,2023Q4,175,1567,9922,332158,openfda_live,2026-08-11T07:41:33.914076
semaglutide,PANCREATITIS,2023Q4,25,1567,1055,332158,openfda_live,2026-08-11T07:41:35.414099
semaglutide,IMPAIRED GASTRIC EMPTYING,2023Q4,24,1567,182,332158,openfda_live,2026-08-11T07:41:36.850588
semaglutide,SUICIDAL IDEATION,2023Q4,54,1567,1227,332158,openfda_live,2026-08-11T07:41:38.347852
semaglutide,OPTIC ISCHAEMIC NEUROPATHY,2023Q4,0,1567,36,332158,openfda_live,2026-08-11T07:41:39.918502
semaglutide,NAUSEA,2024Q1,537,3956,11174,325796,openfda_live,2026-08-11T07:41:46.229275
semaglutide,PANCREATITIS,2024Q1,106,3956,1182,325796,openfda_live,2026-08-11T07:41:48.562858
semaglutide,IMPAIRED GASTRIC EMPTYING,2024Q1,101,3956,301,325796,openfda_live,2026-08-11T07:41:50.074807
semaglutide,SUICIDAL IDEATION,2024Q1,40,3956,1169,325796,openfda_live,2026-08-11T07:41:51.805861
semaglutide,OPTIC ISCHAEMIC NEUROPATHY,2024Q1,0,3956,21,325796,openfda_live,2026-08-11T07:41:53.443598
semaglutide,NAUSEA,2024Q2,205,2017,11004,325424,openfda_live,2026-08-11T07:41:59.670069
semaglutide,PANCREATITIS,2024Q2,35,2017,1079,325424,openfda_live,2026-08-11T07:42:01.137617
semaglutide,IMPAIRED GASTRIC EMPTYING,2024Q2,21,2017,184,325424,openfda_live,2026-08-11T07:42:02.658341
semaglutide,SUICIDAL IDEATION,2024Q2,41,2017,1195,325424,openfda_live,2026-08-11T07:42:04.183426
semaglutide,OPTIC ISCHAEMIC NEUROPATHY,2024Q2,3,2017,26,325424,openfda_live,2026-08-11T07:42:05.931327
semaglutide,NAUSEA,2024Q3,995,5856,11854,332460,openfda_live,2026-08-11T07:42:12.102120
semaglutide,PANCREATITIS,2024Q3,99,5856,1160,332460,openfda_live,2026-08-11T07:42:13.569781
semaglutide,IMPAIRED GASTRIC EMPTYING,2024Q3,328,5856,579,332460,openfda_live,2026-08-11T07:42:15.090984
semaglutide,SUICIDAL IDEATION,2024Q3,48,5856,1216,332460,openfda_live,2026-08-11T07:42:16.615970
semaglutide,OPTIC ISCHAEMIC NEUROPATHY,2024Q3,24,5856,71,332460,openfda_live,2026-08-11T07:42:18.185905
semaglutide,NAUSEA,2024Q4,304,2480,10531,335313,openfda_live,2026-08-11T07:42:24.223709
semaglutide,PANCREATITIS,2024Q4,23,2480,1177,335313,openfda_live,2026-08-11T07:42:25.718004
semaglutide,IMPAIRED GASTRIC EMPTYING,2024Q4,141,2480,335,335313,openfda_live,2026-08-11T07:42:27.676800
semaglutide,SUICIDAL IDEATION,2024Q4,37,2480,1190,335313,openfda_live,2026-08-11T07:42:29.175471
semaglutide,OPTIC ISCHAEMIC NEUROPATHY,2024Q4,28,2480,72,335313,openfda_live,2026-08-11T07:42:30.692956
semaglutide,NAUSEA,2025Q1,357,2849,10625,325157,openfda_live,2026-08-11T07:42:37.072753
semaglutide,PANCREATITIS,2025Q1,45,2849,1166,325157,openfda_live,2026-08-11T07:42:38.621366
semaglutide,IMPAIRED GASTRIC EMPTYING,2025Q1,252,2849,448,325157,openfda_live,2026-08-11T07:42:40.403230
semaglutide,SUICIDAL IDEATION,2025Q1,31,2849,1255,325157,openfda_live,2026-08-11T07:42:41.934355
semaglutide,OPTIC ISCHAEMIC NEUROPATHY,2025Q1,49,2849,98,325157,openfda_live,2026-08-11T07:42:43.437188
semaglutide,NAUSEA,2025Q2,297,2693,10339,323610,openfda_live,2026-08-11T07:42:49.563707
semaglutide,PANCREATITIS,2025Q2,27,2693,1197,323610,openfda_live,2026-08-11T07:42:51.079545
semaglutide,IMPAIRED GASTRIC EMPTYING,2025Q2,109,2693,326,323610,openfda_live,2026-08-11T07:42:52.598393
semaglutide,SUICIDAL IDEATION,2025Q2,23,2693,1207,323610,openfda_live,2026-08-11T07:42:54.080692
semaglutide,OPTIC ISCHAEMIC NEUROPATHY,2025Q2,61,2693,150,323610,openfda_live,2026-08-11T07:42:55.514688
semaglutide,NAUSEA,2025Q3,2018,11814,13822,339109,openfda_live,2026-08-11T07:43:01.773469
semaglutide,PANCREATITIS,2025Q3,169,11814,1475,339109,openfda_live,2026-08-11T07:43:03.410933
semaglutide,IMPAIRED GASTRIC EMPTYING,2025Q3,1334,11814,1841,339109,openfda_live,2026-08-11T07:43:05.037400
semaglutide,SUICIDAL IDEATION,2025Q3,21,11814,1115,339109,openfda_live,2026-08-11T07:43:06.668340
semaglutide,OPTIC ISCHAEMIC NEUROPATHY,2025Q3,106,11814,206,339109,openfda_live,2026-08-11T07:43:08.161628
semaglutide,NAUSEA,2025Q4,291,2629,10384,311145,openfda_live,2026-08-11T07:43:14.209016
semaglutide,PANCREATITIS,2025Q4,22,2629,1209,311145,openfda_live,2026-08-11T07:43:15.712655
semaglutide,IMPAIRED GASTRIC EMPTYING,2025Q4,113,2629,356,311145,openfda_live,2026-08-11T07:43:17.611148
semaglutide,SUICIDAL IDEATION,2025Q4,12,2629,1139,311145,openfda_live,2026-08-11T07:43:19.162877
semaglutide,OPTIC ISCHAEMIC NEUROPATHY,2025Q4,93,2629,174,311145,openfda_live,2026-08-11T07:43:20.656245
