drug,reaction,quarter,a_count,prr,ror,chi_sq,ci_lower,ci_upper,meets_signal_criteria,insufficient_data
semaglutide,NAUSEA,2022Q1,362,6.741817058231168,8.059849889606996,1762.7131837791787,6.132320583276513,7.411891897923511,1,0
semaglutide,PANCREATITIS,2022Q1,44,9.843451212772562,10.048787283148283,333.98735171322755,7.296893100719831,13.278738010931688,1,0
semaglutide,IMPAIRED GASTRIC EMPTYING,2022Q1,11,18.96561505219541,19.068115967949634,171.0431723782181,10.235809139311762,35.140803175648735,1,0
semaglutide,SUICIDAL IDEATION,2022Q1,0,,,,,,0,1
semaglutide,OPTIC ISCHAEMIC NEUROPATHY,2022Q1,0,,,,,,0,1
semaglutide,NAUSEA,2022Q2,95,3.2034385650446198,3.4749387773393527,147.99082144094854,2.647730534218651,3.8757790898247393,1,0
semaglutide,PANCREATITIS,2022Q2,14,6.339943391967216,6.427688940661513,62.195174288349264,3.7559586762652604,10.701630576329071,1,0
semaglutide,IMPAIRED GASTRIC EMPTYING,2022Q2,3,11.19308589997752,11.228519570545227,27.135692941675206,3.5633730360695686,35.15915137037301,1,0
semaglutide,SUICIDAL IDEATION,2022Q2,4,1.5969933165371963,1.599763587147578,0.8918946953028185,0.5996167116391928,4.25336319611972,0,0
semaglutide,OPTIC ISCHAEMIC NEUROPATHY,2022Q2,0,,,,,,0,1
semaglutide,NAUSEA,2022Q3,375,4.832530330295467,5.521503903574852,1140.6136454628775,4.3949759794498675,5.313646650726137,1,0
semaglutide,PANCREATITIS,2022Q3,57,9.240603413246648,9.435992096505824,395.2882874308544,7.091959817596895,12.040219295805247,1,0
semaglutide,IMPAIRED GASTRIC EMPTYING,2022Q3,10,10.791945592112873,10.831896410522146,82.83536332948651,5.685939770969125,20.483173293141256,1,0
semaglutide,SUICIDAL IDEATION,2022Q3,7,1.073597077057702,1.0738070116703358,0.035155102394572396,0.5109810449913658,2.2556818793274753,0,0
semaglutide,OPTIC ISCHAEMIC NEUROPATHY,2022Q3,0,,,,,,0,1
semaglutide,NAUSEA,2022Q4,112,2.8102675377879116,3.025958989098812,134.77704436278134,2.3573047423734845,3.3502684196837107,1,0
semaglutide,PANCREATITIS,2022Q4,15,5.949471245247148,6.021064368370299,60.961090524271654,3.585494334266495,9.872058019933771,1,0
semaglutide,IMPAIRED GASTRIC EMPTYING,2022Q4,0,,,,,,0,1
semaglutide,SUICIDAL IDEATION,2022Q4,13,4.959879835717062,5.009425974181279,40.67337708670117,2.8794590086938516,8.543413158679302,1,0
semaglutide,OPTIC ISCHAEMIC NEUROPATHY,2022Q4,0,,,,,,0,1
semaglutide,NAUSEA,2023Q1,498,5.238581486178163,6.105089523992912,1693.5429731572974,4.826009765330697,5.686423633966298,1,0
semaglutide,PANCREATITIS,2023Q1,61,6.765613192786536,6.888029623263382,284.709181544721,5.241080370403176,8.733604264665388,1,0
semaglutide,IMPAIRED GASTRIC EMPTYING,2023Q1,11,12.166707316310513,12.208730504979489,102.43804651642955,6.551565038261777,22.59441309920017,1,0
semaglutide,SUICIDAL IDEATION,2023Q1,12,1.4295771801773403,1.431341357508664,1.535271857029247,0.8100913716867587,2.5227906203079984,0,0
semaglutide,OPTIC ISCHAEMIC NEUROPATHY,2023Q1,0,,,,,,0,1
semaglutide,NAUSEA,2023Q2,179,3.8413757696250537,4.274232163465807,383.80005306702975,3.3473991166485546,4.408248699735715,1,0
semaglutide,PANCREATITIS,2023Q2,18,4.6434759657904365,4.692564713832523,50.656118533060926,2.9218795191925557,7.37945178890604,1,0
semaglutide,IMPAIRED GASTRIC EMPTYING,2023Q2,8,15.551378825061935,15.637865474839419,102.51184626466353,7.626955184718891,31.709296502113713,1,0
semaglutide,SUICIDAL IDEATION,2023Q2,22,5.099830098265615,5.1675450097985305,71.2734192573224,3.354917995471666,7.752280999500077,1,0
semaglutide,OPTIC ISCHAEMIC NEUROPATHY,2023Q2,0,,,,,,0,1
semaglutide,NAUSEA,2023Q3,614,5.260352698614738,6.122249422486056,2074.872866708938,4.882858451229077,5.667031061868718,1,0
semaglutide,PANCREATITIS,2023Q3,78,7.510090978740518,7.652288429410291,408.62420248420653,5.9767687441492106,9.4367824694861,1,0
semaglutide,IMPAIRED GASTRIC EMPTYING,2023Q3,43,27.47830706104506,27.79404949133484,847.985785692954,19.587442346387032,38.54803223353721,1,0
semaglutide,SUICIDAL IDEATION,2023Q3,51,3.995147216068997,4.03760205431789,110.21337700060967,3.0244088506309232,5.277461502843501,1,0
semaglutide,OPTIC ISCHAEMIC NEUROPATHY,2023Q3,0,,,,,,0,1
semaglutide,NAUSEA,2023Q4,175,3.7878180768595433,4.138298079338293,363.5969222159411,3.2896567949120703,4.361417217010149,1,0
semaglutide,PANCREATITIS,2023Q4,25,5.12064671222607,5.187453565537129,81.19182885918008,3.4544684358263766,7.590465288231552,1,0
semaglutide,IMPAIRED GASTRIC EMPTYING,2023Q4,24,32.04617385474138,32.52906962435499,627.0107049270133,20.919045820143772,49.09197424958136,1,0
semaglutide,SUICIDAL IDEATION,2023Q4,54,9.712203585132618,10.023148062063987,404.94191072370546,7.4271590158567165,12.70026645150297,1,0
semaglutide,OPTIC ISCHAEMIC NEUROPATHY,2023Q4,0,,,,,,0,1
semaglutide,NAUSEA,2024Q1,537,4.107133911591006,4.59515114192864,1244.2925965469099,3.7882529023469433,4.452857135617908,1,0
semaglutide,PANCREATITIS,2024Q1,106,8.014516559477673,8.207643508907449,594.5622353850965,6.581116048680166,9.760118983925766,1,0
semaglutide,IMPAIRED GASTRIC EMPTYING,2024Q1,101,41.08422649140546,42.134422827496756,2626.9886725410597,32.40883402169725,52.08190042465177,1,0
semaglutide,SUICIDAL IDEATION,2024Q1,40,2.8823703788619004,2.901597859749152,47.66075369740661,2.106083821917886,3.9447902854003383,1,0
semaglutide,OPTIC ISCHAEMIC NEUROPATHY,2024Q1,0,,,,,,0,1
semaglutide,NAUSEA,2024Q2,205,3.0437840537117986,3.2750068633204736,285.74748148205333,2.669880537886434,3.4700509008408336,1,0
semaglutide,PANCREATITIS,2024Q2,35,5.375403419592469,5.452668363934413,121.00814695296573,3.8492669408691893,7.506614211806713,1,0
semaglutide,IMPAIRED GASTRIC EMPTYING,2024Q2,21,20.65737854007805,20.864194646962638,348.185512370782,13.141325720276837,32.47216431821977,1,0
semaglutide,SUICIDAL IDEATION,2024Q2,41,5.696676602432186,5.7941278882113965,153.8789560170579,4.184904303318679,7.754567837301178,1,0
semaglutide,OPTIC ISCHAEMIC NEUROPATHY,2024Q2,3,20.91399193809144,20.94365528258711,50.32573890577986,6.284394415106898,69.6001921418412,1,0
semaglutide,NAUSEA,2024Q3,995,5.110385696536377,5.951742159826584,3124.835919940313,4.814917946283005,5.423984844336656,1,0
semaglutide,PANCREATITIS,2024Q3,99,5.204035398093355,5.276329909889645,308.60505829027136,4.24222994283309,6.383902991953919,1,0
semaglutide,IMPAIRED GASTRIC EMPTYING,2024Q3,328,72.88204558813925,77.14711631044563,10098.254543749448,61.96171646613775,85.72700809562821,1,0
semaglutide,SUICIDAL IDEATION,2024Q3,48,2.292022232203009,2.3027001018906375,33.70257105321889,1.7193346182686295,3.055464513477315,1,0
semaglutide,OPTIC ISCHAEMIC NEUROPATHY,2024Q3,24,28.479595395884203,28.592680150599772,421.33773999528563,17.42895368608632,46.53677831278918,1,0
semaglutide,NAUSEA,2024Q4,304,3.9893305828657217,4.40695764958961,682.7450031907263,3.5844673606954824,4.439922838717066,1,0
semaglutide,PANCREATITIS,2024Q4,23,2.674833328674456,2.6905114591423085,23.731804789150125,1.7736526201519907,4.033897762671563,1,0
semaglutide,IMPAIRED GASTRIC EMPTYING,2024Q4,141,97.54209552710341,103.36186272219602,7810.008431019675,78.80744763055304,120.73047263784103,1,0
semaglutide,SUICIDAL IDEATION,2024Q4,37,4.306724743306382,4.356806125010162,91.34337703275989,3.1118543455566687,5.960394014292931,1,0
semaglutide,OPTIC ISCHAEMIC NEUROPATHY,2024Q4,28,85.40436217008798,86.3681966483761,1427.6482137138778,53.261989541024775,136.94390954099572,1,0
semaglutide,NAUSEA,2025Q1,357,3.933335502871927,4.3535605327777365,780.217871640337,3.563065393938594,4.342083702553393,1,0
semaglutide,PANCREATITIS,2025Q1,45,4.541355888367486,4.598189345919745,119.90391046303397,3.3788339510006655,6.103855236420281,1,0
semaglutide,IMPAIRED GASTRIC EMPTYING,2025Q1,252,145.45314145314143,159.47015787447054,15838.288751483284,121.13035865873111,174.6599002335457,1,0
semaglutide,SUICIDAL IDEATION,2025Q1,31,2.8652261887556008,2.885745000626226,36.85385825723651,2.009938612373705,4.084463606097718,1,0
semaglutide,OPTIC ISCHAEMIC NEUROPATHY,2025Q1,49,113.13022113022113,115.0925,2723.727894436029,76.27011352814323,167.80422030249335,1,0
semaglutide,NAUSEA,2025Q2,297,3.524460134128084,3.8373836148609897,538.8207376258893,3.1605232357717803,3.9303046712215743,1,0
semaglutide,PANCREATITIS,2025Q2,27,2.7500099974292325,2.7677332794737146,29.499295958999497,1.881303139791365,4.0198492342916134,1,0
semaglutide,IMPAIRED GASTRIC EMPTYING,2025Q2,109,59.858128515471925,62.340921088299496,4203.355456687403,47.70431153677874,75.10842173274763,1,0
semaglutide,SUICIDAL IDEATION,2025Q2,23,2.314901433646792,2.326228299929143,16.914104962436703,1.534915231297892,3.4912472938122527,1,0
semaglutide,OPTIC ISCHAEMIC NEUROPATHY,2025Q2,61,81.67632688993938,83.54610498275332,2885.532493791698,59.097367256057915,112.88188770453912,1,0
semaglutide,NAUSEA,2025Q3,2018,4.736247241138586,5.505923326542594,5295.280038324478,4.534639635747871,4.946818210724984,1,0
semaglutide,PANCREATITIS,2025Q3,169,3.5849733529223116,3.6224882087955512,280.1284463902753,3.057441128878781,4.2035262166686795,1,0
semaglutide,IMPAIRED GASTRIC EMPTYING,2025Q3,1334,72.89374689675506,82.0451074273153,26191.847993174557,65.91755535014146,80.60824325817156,1,0
semaglutide,SUICIDAL IDEATION,2025Q3,21,0.5317951558108637,0.5309614153098908,8.521567789012026,0.34545281896166286,0.8186532927823222,0,0
semaglutide,OPTIC ISCHAEMIC NEUROPATHY,2025Q3,106,29.366234975452855,29.62305261359754,1410.7747254365026,22.358968127394952,38.56956867239768,1,0
semaglutide,NAUSEA,2025Q4,291,3.3834504569655115,3.6801074642268308,491.29497870722196,3.0308960442129007,3.7770140670439964,1,0
semaglutide,PANCREATITIS,2025Q4,22,2.1749990306422786,2.184914634276391,13.764291148760766,1.4291087187729856,3.3101895756094066,1,0
semaglutide,IMPAIRED GASTRIC EMPTYING,2025Q4,113,54.570668720366534,56.976664573069804,4060.941806380589,43.80077628194648,67.98870105449306,1,0
semaglutide,SUICIDAL IDEATION,2025Q4,12,1.2495235215160367,1.2506676874534433,0.593817115503648,0.7083985970867434,2.2039979147935203,0,0
semaglutide,OPTIC ISCHAEMIC NEUROPATHY,2025Q4,93,134.73642984940057,139.6408020796822,5750.108909307671,100.27543773955846,181.04040169550674,1,0
